product,keyword,search_volume,difficulty,intent
Redragon K686 PRO SE 98 Keys Wireless Gasket RGB Gaming Keyboard,10 keyless keyboard,480,0,transactional
Redragon K686 PRO SE 98 Keys Wireless Gasket RGB Gaming Keyboard,60 keyboard wireless,590,2,transactional
Redragon K686 PRO SE 98 Keys Wireless Gasket RGB Gaming Keyboard,alienware aw510k,170,8,transactional
Redragon K686 PRO SE 98 Keys Wireless Gasket RGB Gaming Keyboard,alienware low profile rgb mechanical gaming keyboard aw510k,30,3,transactional
Redragon K686 PRO SE 98 Keys Wireless Gasket RGB Gaming Keyboard,alienware wireless keyboard,390,10,transactional
Redragon K686 PRO SE 98 Keys Wireless Gasket RGB Gaming Keyboard,alloy core rgb,110,11,transactional
Redragon K686 PRO SE 98 Keys Wireless Gasket RGB Gaming Keyboard,alloy elite 2,50,1,transactional
Redragon K686 PRO SE 98 Keys Wireless Gasket RGB Gaming Keyboard,alloy origins,70,5,commercial
Redragon K686 PRO SE 98 Keys Wireless Gasket RGB Gaming Keyboard,apex 3 keyboard,320,1,transactional
Redragon K686 PRO SE 98 Keys Wireless Gasket RGB Gaming Keyboard,apex 3 steelseries,110,0,transactional
Redragon K686 PRO SE 98 Keys Wireless Gasket RGB Gaming Keyboard,apex 3 tkl,1600,1,transactional
Redragon K686 PRO SE 98 Keys Wireless Gasket RGB Gaming Keyboard,apex mini keyboard,210,2,transactional
Redragon K686 PRO SE 98 Keys Wireless Gasket RGB Gaming Keyboard,apex mini pro,1600,0,transactional
Redragon K686 PRO SE 98 Keys Wireless Gasket RGB Gaming Keyboard,apex pro mini,18100,0,transactional
Redragon K686 PRO SE 98 Keys Wireless Gasket RGB Gaming Keyboard,apex pro mini keyboard,1000,0,transactional
Redragon K686 PRO SE 98 Keys Wireless Gasket RGB Gaming Keyboard,apex pro mini wireless,590,0,transactional
Redragon K686 PRO SE 98 Keys Wireless Gasket RGB Gaming Keyboard,apex pro tkl mini,1000,0,transactional
Redragon K686 PRO SE 98 Keys Wireless Gasket RGB Gaming Keyboard,apex pro tkl wireless,480,1,transactional
Redragon K686 PRO SE 98 Keys Wireless Gasket RGB Gaming Keyboard,apex pro wireless,90,0,transactional
Redragon K686 PRO SE 98 Keys Wireless Gasket RGB Gaming Keyboard,asus azoth,720,20,commercial
Redragon K686 PRO SE 98 Keys Wireless Gasket RGB Gaming Keyboard,asus claymore 2,70,0,transactional
Redragon K686 PRO SE 98 Keys Wireless Gasket RGB Gaming Keyboard,asus falchion,210,6,commercial
Redragon K686 PRO SE 98 Keys Wireless Gasket RGB Gaming Keyboard,asus rog azoth keyboard,140,7,transactional
Redragon K686 PRO SE 98 Keys Wireless Gasket RGB Gaming Keyboard,asus rog claymore,90,1,transactional
Redragon K686 PRO SE 98 Keys Wireless Gasket RGB Gaming Keyboard,asus rog claymore 2,40,0,transactional
Redragon K686 PRO SE 98 Keys Wireless Gasket RGB Gaming Keyboard,asus rog claymore ii,170,0,transactional
Redragon K686 PRO SE 98 Keys Wireless Gasket RGB Gaming Keyboard,asus rog falchion,390,2,transactional
Redragon K686 PRO SE 98 Keys Wireless Gasket RGB Gaming Keyboard,asus rog strix flare,50,2,transactional
Redragon K686 PRO SE 98 Keys Wireless Gasket RGB Gaming Keyboard,asus rog strix scope,110,21,transactional
Redragon K686 PRO SE 98 Keys Wireless Gasket RGB Gaming Keyboard,asus rog strix scope rx,90,2,transactional
Redragon K686 PRO SE 98 Keys Wireless Gasket RGB Gaming Keyboard,asus rog strix scope rx tkl wireless deluxe,20,19,transactional
Redragon K686 PRO SE 98 Keys Wireless Gasket RGB Gaming Keyboard,asus rog strix scope tkl,30,4,transactional
Redragon K686 PRO SE 98 Keys Wireless Gasket RGB Gaming Keyboard,asus tuf gaming k1,30,0,transactional
Redragon K686 PRO SE 98 Keys Wireless Gasket RGB Gaming Keyboard,asus tuf gaming k3,20,0,transactional
Redragon K686 PRO SE 98 Keys Wireless Gasket RGB Gaming Keyboard,asus tuf k1,20,28,transactional
Redragon K686 PRO SE 98 Keys Wireless Gasket RGB Gaming Keyboard,asus wireless keyboard,320,21,transactional
Redragon K686 PRO SE 98 Keys Wireless Gasket RGB Gaming Keyboard,aw510k,260,6,transactional
Redragon K686 PRO SE 98 Keys Wireless Gasket RGB Gaming Keyboard,backlit keyboard and mouse,90,0,transactional
Redragon K686 PRO SE 98 Keys Wireless Gasket RGB Gaming Keyboard,backlit mechanical keyboard,320,0,transactional
Redragon K686 PRO SE 98 Keys Wireless Gasket RGB Gaming Keyboard,best 60 keyboard for gaming,110,12,transactional
Redragon K686 PRO SE 98 Keys Wireless Gasket RGB Gaming Keyboard,best bluetooth keyboard and mouse,590,15,transactional
Redragon K686 PRO SE 98 Keys Wireless Gasket RGB Gaming Keyboard,best hot swappable keyboard,480,3,transactional
Redragon K686 PRO SE 98 Keys Wireless Gasket RGB Gaming Keyboard,best low profile gaming keyboard,210,11,transactional
Redragon K686 PRO SE 98 Keys Wireless Gasket RGB Gaming Keyboard,best mini gaming keyboard,260,10,transactional
Redragon K686 PRO SE 98 Keys Wireless Gasket RGB Gaming Keyboard,best mini keyboard for gaming,140,21,transactional
Redragon K686 PRO SE 98 Keys Wireless Gasket RGB Gaming Keyboard,best portable keyboard,880,4,transactional
Redragon K686 PRO SE 98 Keys Wireless Gasket RGB Gaming Keyboard,best quiet keyboard for gaming,880,2,transactional
Redragon K686 PRO SE 98 Keys Wireless Gasket RGB Gaming Keyboard,best rgb gaming keyboard,140,19,transactional
Redragon K686 PRO SE 98 Keys Wireless Gasket RGB Gaming Keyboard,best rgb keyboard,590,20,transactional
Redragon K686 PRO SE 98 Keys Wireless Gasket RGB Gaming Keyboard,best rgb mechanical keyboard,140,19,transactional
Redragon K686 PRO SE 98 Keys Wireless Gasket RGB Gaming Keyboard,best silent keyboard for gaming,880,0,commercial
Redragon K686 PRO SE 98 Keys Wireless Gasket RGB Gaming Keyboard,best small gaming keyboard,210,9,transactional
Redragon K686 PRO SE 98 Keys Wireless Gasket RGB Gaming Keyboard,best wired keyboards,880,16,commercial
Redragon K686 PRO SE 98 Keys Wireless Gasket RGB Gaming Keyboard,best wireless backlit keyboard,260,25,transactional
Redragon K686 PRO SE 98 Keys Wireless Gasket RGB Gaming Keyboard,best wireless gaming keyboard,4400,18,transactional
Redragon K686 PRO SE 98 Keys Wireless Gasket RGB Gaming Keyboard,best wireless gaming keyboard and mouse,1600,22,transactional
Redragon K686 PRO SE 98 Keys Wireless Gasket RGB Gaming Keyboard,best wireless mechanical keyboard,1900,28,transactional
Redragon K686 PRO SE 98 Keys Wireless Gasket RGB Gaming Keyboard,best wireless mouse and keyboard,4400,11,transactional
Redragon K686 PRO SE 98 Keys Wireless Gasket RGB Gaming Keyboard,blackwidow v3 mini,320,0,transactional
Redragon K686 PRO SE 98 Keys Wireless Gasket RGB Gaming Keyboard,blackwidow v3 mini hyperspeed,140,0,transactional
Redragon K686 PRO SE 98 Keys Wireless Gasket RGB Gaming Keyboard,blackwidow v3 pro,260,1,transactional
Redragon K686 PRO SE 98 Keys Wireless Gasket RGB Gaming Keyboard,bluetooth gaming keyboard,590,11,transactional
Redragon K686 PRO SE 98 Keys Wireless Gasket RGB Gaming Keyboard,bluetooth gaming keyboard and mouse,480,14,transactional
Redragon K686 PRO SE 98 Keys Wireless Gasket RGB Gaming Keyboard,boyi keyboard,480,0,commercial
Redragon K686 PRO SE 98 Keys Wireless Gasket RGB Gaming Keyboard,cherry mx red silent,320,2,transactional
Redragon K686 PRO SE 98 Keys Wireless Gasket RGB Gaming Keyboard,cherry mx silver,390,0,transactional
Redragon K686 PRO SE 98 Keys Wireless Gasket RGB Gaming Keyboard,cherry mx ultra low profile,110,3,transactional
Redragon K686 PRO SE 98 Keys Wireless Gasket RGB Gaming Keyboard,cherry stream,260,10,commercial
Redragon K686 PRO SE 98 Keys Wireless Gasket RGB Gaming Keyboard,compact gaming keyboard,390,7,transactional
Redragon K686 PRO SE 98 Keys Wireless Gasket RGB Gaming Keyboard,compact mechanical keyboard,260,12,transactional
Redragon K686 PRO SE 98 Keys Wireless Gasket RGB Gaming Keyboard,cooler master ck530 v2,20,13,transactional
Redragon K686 PRO SE 98 Keys Wireless Gasket RGB Gaming Keyboard,cooler master ck550,70,3,transactional
Redragon K686 PRO SE 98 Keys Wireless Gasket RGB Gaming Keyboard,cooler master ck550 v2,20,11,transactional
Redragon K686 PRO SE 98 Keys Wireless Gasket RGB Gaming Keyboard,cooler master ck552,110,1,transactional
Redragon K686 PRO SE 98 Keys Wireless Gasket RGB Gaming Keyboard,cooler master sk622,170,3,transactional
Redragon K686 PRO SE 98 Keys Wireless Gasket RGB Gaming Keyboard,corsair 60 keyboard,480,0,transactional
Redragon K686 PRO SE 98 Keys Wireless Gasket RGB Gaming Keyboard,corsair gaming bundle,30,0,transactional
Redragon K686 PRO SE 98 Keys Wireless Gasket RGB Gaming Keyboard,corsair k100,3600,3,transactional
Redragon K686 PRO SE 98 Keys Wireless Gasket RGB Gaming Keyboard,corsair k100 air,1300,7,transactional
Redragon K686 PRO SE 98 Keys Wireless Gasket RGB Gaming Keyboard,corsair k100 air wireless,210,7,transactional
Redragon K686 PRO SE 98 Keys Wireless Gasket RGB Gaming Keyboard,corsair k100 keyboard,210,3,transactional
Redragon K686 PRO SE 98 Keys Wireless Gasket RGB Gaming Keyboard,corsair k100 opx,40,7,transactional
Redragon K686 PRO SE 98 Keys Wireless Gasket RGB Gaming Keyboard,corsair k100 rgb,720,9,transactional
Redragon K686 PRO SE 98 Keys Wireless Gasket RGB Gaming Keyboard,corsair k100 rgb optical,30,4,transactional
Redragon K686 PRO SE 98 Keys Wireless Gasket RGB Gaming Keyboard,corsair k100 wireless,110,0,transactional
Redragon K686 PRO SE 98 Keys Wireless Gasket RGB Gaming Keyboard,corsair k55,2900,0,transactional
Redragon K686 PRO SE 98 Keys Wireless Gasket RGB Gaming Keyboard,corsair k55 pro,140,0,transactional
Redragon K686 PRO SE 98 Keys Wireless Gasket RGB Gaming Keyboard,corsair k55 rgb,590,0,transactional
Redragon K686 PRO SE 98 Keys Wireless Gasket RGB Gaming Keyboard,corsair k55 rgb gaming keyboard,390,2,transactional
Redragon K686 PRO SE 98 Keys Wireless Gasket RGB Gaming Keyboard,corsair k55 rgb pro,720,0,transactional
Redragon K686 PRO SE 98 Keys Wireless Gasket RGB Gaming Keyboard,corsair k57,320,0,transactional
Redragon K686 PRO SE 98 Keys Wireless Gasket RGB Gaming Keyboard,corsair k57 rgb wireless,40,0,transactional
Redragon K686 PRO SE 98 Keys Wireless Gasket RGB Gaming Keyboard,corsair k60,1000,0,transactional
Redragon K686 PRO SE 98 Keys Wireless Gasket RGB Gaming Keyboard,corsair k60 pro,140,0,transactional
Redragon K686 PRO SE 98 Keys Wireless Gasket RGB Gaming Keyboard,corsair k60 pro tkl,260,0,transactional
Redragon K686 PRO SE 98 Keys Wireless Gasket RGB Gaming Keyboard,corsair k60 rgb pro,260,0,transactional
Redragon K686 PRO SE 98 Keys Wireless Gasket RGB Gaming Keyboard,corsair k60 rgb pro low profile,50,1,transactional
Redragon K686 PRO SE 98 Keys Wireless Gasket RGB Gaming Keyboard,corsair k63,880,0,transactional
Redragon K686 PRO SE 98 Keys Wireless Gasket RGB Gaming Keyboard,corsair k63 keyboard,90,0,transactional
Redragon K686 PRO SE 98 Keys Wireless Gasket RGB Gaming Keyboard,corsair k63 wireless,210,6,transactional
Redragon K686 PRO SE 98 Keys Wireless Gasket RGB Gaming Keyboard,corsair k65,2900,5,transactional
Redragon K686 PRO SE 98 Keys Wireless Gasket RGB Gaming Keyboard,corsair k65 mini,720,2,transactional
Redragon K686 PRO SE 98 Keys Wireless Gasket RGB Gaming Keyboard,corsair k65 rgb,260,8,transactional
Redragon K686 PRO SE 98 Keys Wireless Gasket RGB Gaming Keyboard,corsair k65 rgb mini,590,5,transactional
Redragon K686 PRO SE 98 Keys Wireless Gasket RGB Gaming Keyboard,corsair k68,590,0,transactional
Redragon K686 PRO SE 98 Keys Wireless Gasket RGB Gaming Keyboard,corsair k68 rgb,110,0,transactional
Redragon K686 PRO SE 98 Keys Wireless Gasket RGB Gaming Keyboard,corsair k70,8100,0,transactional
Redragon K686 PRO SE 98 Keys Wireless Gasket RGB Gaming Keyboard,corsair k70 keyboard,480,0,transactional
Redragon K686 PRO SE 98 Keys Wireless Gasket RGB Gaming Keyboard,corsair k70 low profile,70,3,transactional
Redragon K686 PRO SE 98 Keys Wireless Gasket RGB Gaming Keyboard,corsair k70 lux,260,0,transactional
Redragon K686 PRO SE 98 Keys Wireless Gasket RGB Gaming Keyboard,corsair k70 mini,210,6,transactional
Redragon K686 PRO SE 98 Keys Wireless Gasket RGB Gaming Keyboard,corsair k70 mk 2,110,6,transactional
Redragon K686 PRO SE 98 Keys Wireless Gasket RGB Gaming Keyboard,corsair k70 mk2,480,1,transactional
Redragon K686 PRO SE 98 Keys Wireless Gasket RGB Gaming Keyboard,corsair k70 pro,720,0,transactional
Redragon K686 PRO SE 98 Keys Wireless Gasket RGB Gaming Keyboard,corsair k70 pro mini,320,6,transactional
Redragon K686 PRO SE 98 Keys Wireless Gasket RGB Gaming Keyboard,corsair k70 pro mini wireless,210,5,transactional
Redragon K686 PRO SE 98 Keys Wireless Gasket RGB Gaming Keyboard,corsair k70 rapidfire,260,0,transactional
Redragon K686 PRO SE 98 Keys Wireless Gasket RGB Gaming Keyboard,corsair k70 rgb,720,2,transactional
Redragon K686 PRO SE 98 Keys Wireless Gasket RGB Gaming Keyboard,corsair k70 rgb mk 2,480,0,transactional
Redragon K686 PRO SE 98 Keys Wireless Gasket RGB Gaming Keyboard,corsair k70 rgb mk 2 low profile,50,0,transactional
Redragon K686 PRO SE 98 Keys Wireless Gasket RGB Gaming Keyboard,corsair k70 rgb mk 2 rapidfire,30,0,transactional
Redragon K686 PRO SE 98 Keys Wireless Gasket RGB Gaming Keyboard,corsair k70 rgb pro,1600,4,transactional
Redragon K686 PRO SE 98 Keys Wireless Gasket RGB Gaming Keyboard,corsair k70 rgb tkl,480,0,transactional
Redragon K686 PRO SE 98 Keys Wireless Gasket RGB Gaming Keyboard,corsair k70 rgb tkl champion series,70,0,transactional
Redragon K686 PRO SE 98 Keys Wireless Gasket RGB Gaming Keyboard,corsair k70 tkl,480,0,transactional
Redragon K686 PRO SE 98 Keys Wireless Gasket RGB Gaming Keyboard,corsair k70 white,110,0,transactional
Redragon K686 PRO SE 98 Keys Wireless Gasket RGB Gaming Keyboard,corsair k90,390,0,transactional
Redragon K686 PRO SE 98 Keys Wireless Gasket RGB Gaming Keyboard,corsair k95,2400,0,transactional
Redragon K686 PRO SE 98 Keys Wireless Gasket RGB Gaming Keyboard,corsair k95 platinum,480,4,transactional
Redragon K686 PRO SE 98 Keys Wireless Gasket RGB Gaming Keyboard,corsair k95 rgb,320,0,transactional
Redragon K686 PRO SE 98 Keys Wireless Gasket RGB Gaming Keyboard,corsair k95 rgb platinum,880,0,transactional
Redragon K686 PRO SE 98 Keys Wireless Gasket RGB Gaming Keyboard,corsair mini,70,0,commercial
Redragon K686 PRO SE 98 Keys Wireless Gasket RGB Gaming Keyboard,corsair rgb keyboard,480,0,transactional
Redragon K686 PRO SE 98 Keys Wireless Gasket RGB Gaming Keyboard,corsair strafe,590,0,commercial
Redragon K686 PRO SE 98 Keys Wireless Gasket RGB Gaming Keyboard,corsair strafe mk2,320,0,transactional
Redragon K686 PRO SE 98 Keys Wireless Gasket RGB Gaming Keyboard,corsair strafe rgb,320,0,transactional
Redragon K686 PRO SE 98 Keys Wireless Gasket RGB Gaming Keyboard,corsair strafe rgb mk 2,170,0,transactional
Redragon K686 PRO SE 98 Keys Wireless Gasket RGB Gaming Keyboard,corsair tkl,210,0,transactional
Redragon K686 PRO SE 98 Keys Wireless Gasket RGB Gaming Keyboard,corsair wireless keyboard,1600,0,transactional
Redragon K686 PRO SE 98 Keys Wireless Gasket RGB Gaming Keyboard,cougar keyboard,110,0,transactional
Redragon K686 PRO SE 98 Keys Wireless Gasket RGB Gaming Keyboard,custom mechanical keyboards,3600,0,transactional
Redragon K686 PRO SE 98 Keys Wireless Gasket RGB Gaming Keyboard,customizable gaming keyboard,4400,26,commercial
Redragon K686 PRO SE 98 Keys Wireless Gasket RGB Gaming Keyboard,cynosa v2,170,0,transactional
Redragon K686 PRO SE 98 Keys Wireless Gasket RGB Gaming Keyboard,dareu a98,40,0,transactional
Redragon K686 PRO SE 98 Keys Wireless Gasket RGB Gaming Keyboard,deathstalker v2,110,0,commercial
Redragon K686 PRO SE 98 Keys Wireless Gasket RGB Gaming Keyboard,deathstalker v2 pro,590,5,transactional
Redragon K686 PRO SE 98 Keys Wireless Gasket RGB Gaming Keyboard,deathstalker v2 pro tkl,140,10,transactional
Redragon K686 PRO SE 98 Keys Wireless Gasket RGB Gaming Keyboard,dierya dk61,260,3,transactional
Redragon K686 PRO SE 98 Keys Wireless Gasket RGB Gaming Keyboard,dierya dk63,390,0,transactional
Redragon K686 PRO SE 98 Keys Wireless Gasket RGB Gaming Keyboard,dierya keyboard,1000,0,transactional
Redragon K686 PRO SE 98 Keys Wireless Gasket RGB Gaming Keyboard,draconic k530,20,2,transactional
Redragon K686 PRO SE 98 Keys Wireless Gasket RGB Gaming Keyboard,durgod taurus k320,210,0,transactional
Redragon K686 PRO SE 98 Keys Wireless Gasket RGB Gaming Keyboard,e yooso k620,30,0,transactional
Redragon K686 PRO SE 98 Keys Wireless Gasket RGB Gaming Keyboard,e yooso keyboard,720,0,transactional
Redragon K686 PRO SE 98 Keys Wireless Gasket RGB Gaming Keyboard,e yooso z686,30,0,transactional
Redragon K686 PRO SE 98 Keys Wireless Gasket RGB Gaming Keyboard,epomaker ep84,260,0,transactional
Redragon K686 PRO SE 98 Keys Wireless Gasket RGB Gaming Keyboard,evga keyboard,720,26,transactional
Redragon K686 PRO SE 98 Keys Wireless Gasket RGB Gaming Keyboard,evga z12,210,0,transactional
Redragon K686 PRO SE 98 Keys Wireless Gasket RGB Gaming Keyboard,evga z15,480,3,transactional
Redragon K686 PRO SE 98 Keys Wireless Gasket RGB Gaming Keyboard,evga z20,390,1,transactional
Redragon K686 PRO SE 98 Keys Wireless Gasket RGB Gaming Keyboard,fizz k617,70,0,transactional
Redragon K686 PRO SE 98 Keys Wireless Gasket RGB Gaming Keyboard,full size hot swappable keyboard,210,0,transactional
Redragon K686 PRO SE 98 Keys Wireless Gasket RGB Gaming Keyboard,full size mechanical keyboard hot swap,140,2,transactional
Redragon K686 PRO SE 98 Keys Wireless Gasket RGB Gaming Keyboard,g213,590,11,commercial
Redragon K686 PRO SE 98 Keys Wireless Gasket RGB Gaming Keyboard,g213 keyboard,2400,6,transactional
Redragon K686 PRO SE 98 Keys Wireless Gasket RGB Gaming Keyboard,g213 prodigy,2400,5,transactional
Redragon K686 PRO SE 98 Keys Wireless Gasket RGB Gaming Keyboard,g512,480,0,transactional
Redragon K686 PRO SE 98 Keys Wireless Gasket RGB Gaming Keyboard,g512 carbon,880,0,transactional
Redragon K686 PRO SE 98 Keys Wireless Gasket RGB Gaming Keyboard,g512 carbon keyboard,320,1,transactional
Redragon K686 PRO SE 98 Keys Wireless Gasket RGB Gaming Keyboard,g513 carbon,170,3,transactional
Redragon K686 PRO SE 98 Keys Wireless Gasket RGB Gaming Keyboard,g613,720,4,transactional
Redragon K686 PRO SE 98 Keys Wireless Gasket RGB Gaming Keyboard,g613 keyboard,260,7,transactional
Redragon K686 PRO SE 98 Keys Wireless Gasket RGB Gaming Keyboard,g715,590,2,transactional
Redragon K686 PRO SE 98 Keys Wireless Gasket RGB Gaming Keyboard,g715 logitech,90,0,transactional
Redragon K686 PRO SE 98 Keys Wireless Gasket RGB Gaming Keyboard,g813,30,0,transactional
Redragon K686 PRO SE 98 Keys Wireless Gasket RGB Gaming Keyboard,g815,880,16,transactional
Redragon K686 PRO SE 98 Keys Wireless Gasket RGB Gaming Keyboard,g815 keyboard,320,16,transactional
Redragon K686 PRO SE 98 Keys Wireless Gasket RGB Gaming Keyboard,g815 logitech,70,16,transactional
Redragon K686 PRO SE 98 Keys Wireless Gasket RGB Gaming Keyboard,g910,720,10,commercial
Redragon K686 PRO SE 98 Keys Wireless Gasket RGB Gaming Keyboard,g910 keyboard,720,0,transactional
Redragon K686 PRO SE 98 Keys Wireless Gasket RGB Gaming Keyboard,g910 orion spectrum,390,0,transactional
Redragon K686 PRO SE 98 Keys Wireless Gasket RGB Gaming Keyboard,g913,140,0,commercial
Redragon K686 PRO SE 98 Keys Wireless Gasket RGB Gaming Keyboard,g913 tkl,50,0,transactional
Redragon K686 PRO SE 98 Keys Wireless Gasket RGB Gaming Keyboard,g915,2900,23,transactional
Redragon K686 PRO SE 98 Keys Wireless Gasket RGB Gaming Keyboard,g915 clicky,70,8,transactional
Redragon K686 PRO SE 98 Keys Wireless Gasket RGB Gaming Keyboard,g915 keyboard,1000,22,transactional
Redragon K686 PRO SE 98 Keys Wireless Gasket RGB Gaming Keyboard,g915 lightspeed,170,21,transactional
Redragon K686 PRO SE 98 Keys Wireless Gasket RGB Gaming Keyboard,g915 logitech,210,22,transactional
Redragon K686 PRO SE 98 Keys Wireless Gasket RGB Gaming Keyboard,g915 tactile,70,8,transactional
Redragon K686 PRO SE 98 Keys Wireless Gasket RGB Gaming Keyboard,g915 tkl,2400,9,transactional
Redragon K686 PRO SE 98 Keys Wireless Gasket RGB Gaming Keyboard,g915 tkl clicky,30,14,transactional
Redragon K686 PRO SE 98 Keys Wireless Gasket RGB Gaming Keyboard,g915 tkl white,40,3,transactional
Redragon K686 PRO SE 98 Keys Wireless Gasket RGB Gaming Keyboard,g915 white,50,2,transactional
Redragon K686 PRO SE 98 Keys Wireless Gasket RGB Gaming Keyboard,gamakay k66,50,0,commercial
Redragon K686 PRO SE 98 Keys Wireless Gasket RGB Gaming Keyboard,gamakay k87,50,0,transactional
Redragon K686 PRO SE 98 Keys Wireless Gasket RGB Gaming Keyboard,gamakay keyboard,260,0,transactional
Redragon K686 PRO SE 98 Keys Wireless Gasket RGB Gaming Keyboard,gaming custom keyboard,260,0,transactional
Redragon K686 PRO SE 98 Keys Wireless Gasket RGB Gaming Keyboard,glorious gmmk tkl,110,0,transactional
Redragon K686 PRO SE 98 Keys Wireless Gasket RGB Gaming Keyboard,gmmk 2 compact,50,0,transactional
Redragon K686 PRO SE 98 Keys Wireless Gasket RGB Gaming Keyboard,gmmk compact,320,0,transactional
Redragon K686 PRO SE 98 Keys Wireless Gasket RGB Gaming Keyboard,gmmk tkl,390,0,transactional
Redragon K686 PRO SE 98 Keys Wireless Gasket RGB Gaming Keyboard,hk gaming gk61,390,0,transactional
Redragon K686 PRO SE 98 Keys Wireless Gasket RGB Gaming Keyboard,hot swap keyboard,2900,19,transactional
Redragon K686 PRO SE 98 Keys Wireless Gasket RGB Gaming Keyboard,hot swap keyboard switches,110,21,transactional
Redragon K686 PRO SE 98 Keys Wireless Gasket RGB Gaming Keyboard,hot swappable keyboard,2900,0,transactional
Redragon K686 PRO SE 98 Keys Wireless Gasket RGB Gaming Keyboard,hot swappable mechanical keyboard,590,0,transactional
Redragon K686 PRO SE 98 Keys Wireless Gasket RGB Gaming Keyboard,hot swappable pcb,480,0,transactional
Redragon K686 PRO SE 98 Keys Wireless Gasket RGB Gaming Keyboard,hot-swap keyboard switches,110,21,commercial
Redragon K686 PRO SE 98 Keys Wireless Gasket RGB Gaming Keyboard,hp wireless elite keyboard v2,140,0,transactional
Redragon K686 PRO SE 98 Keys Wireless Gasket RGB Gaming Keyboard,hyperx alloy,1000,17,transactional
Redragon K686 PRO SE 98 Keys Wireless Gasket RGB Gaming Keyboard,hyperx alloy core,210,27,transactional
Redragon K686 PRO SE 98 Keys Wireless Gasket RGB Gaming Keyboard,hyperx alloy core rgb,720,17,transactional
Redragon K686 PRO SE 98 Keys Wireless Gasket RGB Gaming Keyboard,hyperx alloy core rgb gaming keyboard,90,19,transactional
Redragon K686 PRO SE 98 Keys Wireless Gasket RGB Gaming Keyboard,hyperx alloy elite,170,7,transactional
Redragon K686 PRO SE 98 Keys Wireless Gasket RGB Gaming Keyboard,hyperx alloy elite 2,720,6,transactional
Redragon K686 PRO SE 98 Keys Wireless Gasket RGB Gaming Keyboard,hyperx alloy elite rgb,70,3,transactional
Redragon K686 PRO SE 98 Keys Wireless Gasket RGB Gaming Keyboard,hyperx alloy fps rgb,140,5,transactional
Redragon K686 PRO SE 98 Keys Wireless Gasket RGB Gaming Keyboard,hyperx alloy keyboard,320,13,transactional
Redragon K686 PRO SE 98 Keys Wireless Gasket RGB Gaming Keyboard,hyperx alloy mkw100,90,4,transactional
Redragon K686 PRO SE 98 Keys Wireless Gasket RGB Gaming Keyboard,hyperx alloy origins core red,10,16,transactional
Redragon K686 PRO SE 98 Keys Wireless Gasket RGB Gaming Keyboard,hyperx alloy origins core tkl,110,13,transactional
Redragon K686 PRO SE 98 Keys Wireless Gasket RGB Gaming Keyboard,hyperx alloy origins tkl,140,26,transactional
Redragon K686 PRO SE 98 Keys Wireless Gasket RGB Gaming Keyboard,hyperx elite 2,70,13,transactional
Redragon K686 PRO SE 98 Keys Wireless Gasket RGB Gaming Keyboard,hyperx wireless keyboard,170,9,transactional
Redragon K686 PRO SE 98 Keys Wireless Gasket RGB Gaming Keyboard,k100 air,590,7,transactional
Redragon K686 PRO SE 98 Keys Wireless Gasket RGB Gaming Keyboard,k100 air wireless,170,7,transactional
Redragon K686 PRO SE 98 Keys Wireless Gasket RGB Gaming Keyboard,k100 corsair,320,14,transactional
Redragon K686 PRO SE 98 Keys Wireless Gasket RGB Gaming Keyboard,k100 keyboard,390,16,transactional
Redragon K686 PRO SE 98 Keys Wireless Gasket RGB Gaming Keyboard,k100 rgb,320,14,transactional
Redragon K686 PRO SE 98 Keys Wireless Gasket RGB Gaming Keyboard,k2 keyboard,140,10,transactional
Redragon K686 PRO SE 98 Keys Wireless Gasket RGB Gaming Keyboard,k350 keyboard,720,1,transactional
Redragon K686 PRO SE 98 Keys Wireless Gasket RGB Gaming Keyboard,k400 keyboard,170,14,transactional
Redragon K686 PRO SE 98 Keys Wireless Gasket RGB Gaming Keyboard,k55 rgb pro,720,1,transactional
Redragon K686 PRO SE 98 Keys Wireless Gasket RGB Gaming Keyboard,k552,170,6,transactional
Redragon K686 PRO SE 98 Keys Wireless Gasket RGB Gaming Keyboard,k60 rgb pro,90,0,transactional
Redragon K686 PRO SE 98 Keys Wireless Gasket RGB Gaming Keyboard,k617,90,0,commercial
Redragon K686 PRO SE 98 Keys Wireless Gasket RGB Gaming Keyboard,k63 wireless,50,0,transactional
Redragon K686 PRO SE 98 Keys Wireless Gasket RGB Gaming Keyboard,k65 mini,170,6,transactional
Redragon K686 PRO SE 98 Keys Wireless Gasket RGB Gaming Keyboard,k65 rgb mini,480,2,transactional
Redragon K686 PRO SE 98 Keys Wireless Gasket RGB Gaming Keyboard,k70,1300,6,commercial
Redragon K686 PRO SE 98 Keys Wireless Gasket RGB Gaming Keyboard,k70 keyboard,590,0,transactional
Redragon K686 PRO SE 98 Keys Wireless Gasket RGB Gaming Keyboard,k70 mk2,140,5,transactional
Redragon K686 PRO SE 98 Keys Wireless Gasket RGB Gaming Keyboard,k70 pro,720,6,transactional
Redragon K686 PRO SE 98 Keys Wireless Gasket RGB Gaming Keyboard,k70 pro mini,140,1,transactional
Redragon K686 PRO SE 98 Keys Wireless Gasket RGB Gaming Keyboard,k70 pro mini wireless,210,4,transactional
Redragon K686 PRO SE 98 Keys Wireless Gasket RGB Gaming Keyboard,k70 rgb,170,0,transactional
Redragon K686 PRO SE 98 Keys Wireless Gasket RGB Gaming Keyboard,k70 rgb pro,1000,1,transactional
Redragon K686 PRO SE 98 Keys Wireless Gasket RGB Gaming Keyboard,k70 rgb tkl,260,1,transactional
Redragon K686 PRO SE 98 Keys Wireless Gasket RGB Gaming Keyboard,k70 tkl,170,0,transactional
Redragon K686 PRO SE 98 Keys Wireless Gasket RGB Gaming Keyboard,k95 keyboard,320,0,transactional
Redragon K686 PRO SE 98 Keys Wireless Gasket RGB Gaming Keyboard,k95 platinum,390,0,transactional
Redragon K686 PRO SE 98 Keys Wireless Gasket RGB Gaming Keyboard,k95 rgb platinum,210,11,transactional
Redragon K686 PRO SE 98 Keys Wireless Gasket RGB Gaming Keyboard,kemove snowfox,140,0,commercial
Redragon K686 PRO SE 98 Keys Wireless Gasket RGB Gaming Keyboard,keyboard corsair,260,0,transactional
Redragon K686 PRO SE 98 Keys Wireless Gasket RGB Gaming Keyboard,keyboard wireless logitech,30,30,transactional
Redragon K686 PRO SE 98 Keys Wireless Gasket RGB Gaming Keyboard,keychron k2 hot swappable,110,0,transactional
Redragon K686 PRO SE 98 Keys Wireless Gasket RGB Gaming Keyboard,kinesis freestyle edge,260,28,transactional
Redragon K686 PRO SE 98 Keys Wireless Gasket RGB Gaming Keyboard,kinesis freestyle edge rgb,140,5,transactional
Redragon K686 PRO SE 98 Keys Wireless Gasket RGB Gaming Keyboard,kumara redragon,40,7,transactional
Redragon K686 PRO SE 98 Keys Wireless Gasket RGB Gaming Keyboard,lenovo legion keyboard,170,0,transactional
Redragon K686 PRO SE 98 Keys Wireless Gasket RGB Gaming Keyboard,lightweight wireless gaming mouse,390,29,transactional
Redragon K686 PRO SE 98 Keys Wireless Gasket RGB Gaming Keyboard,lofree keyboard,6600,5,transactional
Redragon K686 PRO SE 98 Keys Wireless Gasket RGB Gaming Keyboard,logitech aurora keyboard,260,8,transactional
Redragon K686 PRO SE 98 Keys Wireless Gasket RGB Gaming Keyboard,logitech carbon,40,37,transactional
Redragon K686 PRO SE 98 Keys Wireless Gasket RGB Gaming Keyboard,logitech g g915,20,25,transactional
Redragon K686 PRO SE 98 Keys Wireless Gasket RGB Gaming Keyboard,logitech g g915 tkl,20,0,transactional
Redragon K686 PRO SE 98 Keys Wireless Gasket RGB Gaming Keyboard,logitech g pro league of legends,70,1,commercial
Redragon K686 PRO SE 98 Keys Wireless Gasket RGB Gaming Keyboard,logitech g pro tkl,480,16,transactional
Redragon K686 PRO SE 98 Keys Wireless Gasket RGB Gaming Keyboard,logitech g pro wireless keyboard,170,23,transactional
Redragon K686 PRO SE 98 Keys Wireless Gasket RGB Gaming Keyboard,logitech g pro x superlight wireless,170,14,transactional
Redragon K686 PRO SE 98 Keys Wireless Gasket RGB Gaming Keyboard,logitech g series,480,17,transactional
Redragon K686 PRO SE 98 Keys Wireless Gasket RGB Gaming Keyboard,logitech g213,2400,6,transactional
Redragon K686 PRO SE 98 Keys Wireless Gasket RGB Gaming Keyboard,logitech g213 keyboard,390,6,transactional
Redragon K686 PRO SE 98 Keys Wireless Gasket RGB Gaming Keyboard,logitech g213 prodigy,320,3,transactional
Redragon K686 PRO SE 98 Keys Wireless Gasket RGB Gaming Keyboard,logitech g213 prodigy gaming keyboard,2400,4,transactional
Redragon K686 PRO SE 98 Keys Wireless Gasket RGB Gaming Keyboard,logitech g512,1600,0,transactional
Redragon K686 PRO SE 98 Keys Wireless Gasket RGB Gaming Keyboard,logitech g512 carbon,720,2,transactional
Redragon K686 PRO SE 98 Keys Wireless Gasket RGB Gaming Keyboard,logitech g512 se,90,0,transactional
Redragon K686 PRO SE 98 Keys Wireless Gasket RGB Gaming Keyboard,logitech g513,720,3,transactional
Redragon K686 PRO SE 98 Keys Wireless Gasket RGB Gaming Keyboard,logitech g513 carbon,210,7,transactional
Redragon K686 PRO SE 98 Keys Wireless Gasket RGB Gaming Keyboard,logitech g613,1900,4,transactional
Redragon K686 PRO SE 98 Keys Wireless Gasket RGB Gaming Keyboard,logitech g613 lightspeed,70,3,transactional
Redragon K686 PRO SE 98 Keys Wireless Gasket RGB Gaming Keyboard,logitech g713,590,0,transactional
Redragon K686 PRO SE 98 Keys Wireless Gasket RGB Gaming Keyboard,logitech g715,1600,2,transactional
Redragon K686 PRO SE 98 Keys Wireless Gasket RGB Gaming Keyboard,logitech g715 keyboard,260,0,transactional
Redragon K686 PRO SE 98 Keys Wireless Gasket RGB Gaming Keyboard,logitech g810,590,6,transactional
Redragon K686 PRO SE 98 Keys Wireless Gasket RGB Gaming Keyboard,logitech g815,2400,8,transactional
Redragon K686 PRO SE 98 Keys Wireless Gasket RGB Gaming Keyboard,logitech g815 clicky,170,0,transactional
Redragon K686 PRO SE 98 Keys Wireless Gasket RGB Gaming Keyboard,logitech g815 keyboard,170,10,transactional
Redragon K686 PRO SE 98 Keys Wireless Gasket RGB Gaming Keyboard,logitech g815 lightsync,70,11,transactional
Redragon K686 PRO SE 98 Keys Wireless Gasket RGB Gaming Keyboard,logitech g815 tactile,70,7,transactional
Redragon K686 PRO SE 98 Keys Wireless Gasket RGB Gaming Keyboard,logitech g815 tkl,30,4,transactional
Redragon K686 PRO SE 98 Keys Wireless Gasket RGB Gaming Keyboard,logitech g910,1900,5,commercial
Redragon K686 PRO SE 98 Keys Wireless Gasket RGB Gaming Keyboard,logitech g910 keyboard,320,1,transactional
Redragon K686 PRO SE 98 Keys Wireless Gasket RGB Gaming Keyboard,logitech g910 orion spectrum,390,2,transactional
Redragon K686 PRO SE 98 Keys Wireless Gasket RGB Gaming Keyboard,logitech g913,140,0,transactional
Redragon K686 PRO SE 98 Keys Wireless Gasket RGB Gaming Keyboard,logitech g913 tkl,50,0,transactional
Redragon K686 PRO SE 98 Keys Wireless Gasket RGB Gaming Keyboard,logitech g915,8100,11,transactional
Redragon K686 PRO SE 98 Keys Wireless Gasket RGB Gaming Keyboard,logitech g915 clicky,90,8,transactional
Redragon K686 PRO SE 98 Keys Wireless Gasket RGB Gaming Keyboard,logitech g915 keyboard,390,13,transactional
Redragon K686 PRO SE 98 Keys Wireless Gasket RGB Gaming Keyboard,logitech g915 lightspeed,880,11,transactional
Redragon K686 PRO SE 98 Keys Wireless Gasket RGB Gaming Keyboard,logitech g915 lightspeed tactile,10,35,transactional
Redragon K686 PRO SE 98 Keys Wireless Gasket RGB Gaming Keyboard,logitech g915 lightspeed tkl,90,19,transactional
Redragon K686 PRO SE 98 Keys Wireless Gasket RGB Gaming Keyboard,logitech g915 lightspeed wireless,30,12,transactional
Redragon K686 PRO SE 98 Keys Wireless Gasket RGB Gaming Keyboard,logitech g915 tactile,110,11,transactional
Redragon K686 PRO SE 98 Keys Wireless Gasket RGB Gaming Keyboard,logitech g915 tkl,2900,9,transactional
Redragon K686 PRO SE 98 Keys Wireless Gasket RGB Gaming Keyboard,logitech g915 tkl clicky,50,2,transactional
Redragon K686 PRO SE 98 Keys Wireless Gasket RGB Gaming Keyboard,logitech g915 tkl lightspeed,70,11,transactional
Redragon K686 PRO SE 98 Keys Wireless Gasket RGB Gaming Keyboard,logitech g915 tkl tactile,20,9,transactional
Redragon K686 PRO SE 98 Keys Wireless Gasket RGB Gaming Keyboard,logitech g915 tkl white,70,2,transactional
Redragon K686 PRO SE 98 Keys Wireless Gasket RGB Gaming Keyboard,logitech g915 white,110,6,transactional
Redragon K686 PRO SE 98 Keys Wireless Gasket RGB Gaming Keyboard,logitech g915 wireless,110,12,transactional
Redragon K686 PRO SE 98 Keys Wireless Gasket RGB Gaming Keyboard,logitech gaming keyboard and mouse,480,17,transactional
Redragon K686 PRO SE 98 Keys Wireless Gasket RGB Gaming Keyboard,logitech keyboard g915,260,22,transactional
Redragon K686 PRO SE 98 Keys Wireless Gasket RGB Gaming Keyboard,logitech keyboard gaming,880,31,transactional
Redragon K686 PRO SE 98 Keys Wireless Gasket RGB Gaming Keyboard,logitech keyboard k270,320,0,transactional
Redragon K686 PRO SE 98 Keys Wireless Gasket RGB Gaming Keyboard,logitech keys to go ultra slim keyboard,260,2,transactional
Redragon K686 PRO SE 98 Keys Wireless Gasket RGB Gaming Keyboard,logitech lightspeed keyboard,480,19,transactional
Redragon K686 PRO SE 98 Keys Wireless Gasket RGB Gaming Keyboard,logitech mechanical keyboard,5400,16,transactional
Redragon K686 PRO SE 98 Keys Wireless Gasket RGB Gaming Keyboard,logitech mini mechanical keyboard,50,6,transactional
Redragon K686 PRO SE 98 Keys Wireless Gasket RGB Gaming Keyboard,logitech mk,110,0,commercial
Redragon K686 PRO SE 98 Keys Wireless Gasket RGB Gaming Keyboard,logitech rgb keyboard,260,46,transactional
Redragon K686 PRO SE 98 Keys Wireless Gasket RGB Gaming Keyboard,logitech tkl,590,6,transactional
Redragon K686 PRO SE 98 Keys Wireless Gasket RGB Gaming Keyboard,logitech tkl g915,70,16,transactional
Redragon K686 PRO SE 98 Keys Wireless Gasket RGB Gaming Keyboard,logitech tkl keyboard,210,18,transactional
Redragon K686 PRO SE 98 Keys Wireless Gasket RGB Gaming Keyboard,logitech wireless gaming keyboard,720,31,transactional
Redragon K686 PRO SE 98 Keys Wireless Gasket RGB Gaming Keyboard,logitech wireless mechanical keyboard,590,10,transactional
Redragon K686 PRO SE 98 Keys Wireless Gasket RGB Gaming Keyboard,mechanical keyboard hot swap,170,6,transactional
Redragon K686 PRO SE 98 Keys Wireless Gasket RGB Gaming Keyboard,media control keyboard,90,0,transactional
Redragon K686 PRO SE 98 Keys Wireless Gasket RGB Gaming Keyboard,membrane gaming keyboard,260,10,transactional
Redragon K686 PRO SE 98 Keys Wireless Gasket RGB Gaming Keyboard,microsoft 3050 wireless keyboard and mouse,40,0,transactional
Redragon K686 PRO SE 98 Keys Wireless Gasket RGB Gaming Keyboard,mini gaming keyboard,1900,1,transactional
Redragon K686 PRO SE 98 Keys Wireless Gasket RGB Gaming Keyboard,mini mechanical keyboard,480,5,transactional
Redragon K686 PRO SE 98 Keys Wireless Gasket RGB Gaming Keyboard,mk270 wireless keyboard and mouse,50,13,transactional
Redragon K686 PRO SE 98 Keys Wireless Gasket RGB Gaming Keyboard,mk750,110,0,transactional
Redragon K686 PRO SE 98 Keys Wireless Gasket RGB Gaming Keyboard,mouse and keyboard for xbox,390,8,transactional
Redragon K686 PRO SE 98 Keys Wireless Gasket RGB Gaming Keyboard,msi gk30,90,4,transactional
Redragon K686 PRO SE 98 Keys Wireless Gasket RGB Gaming Keyboard,msi vigor gk20,110,0,transactional
Redragon K686 PRO SE 98 Keys Wireless Gasket RGB Gaming Keyboard,msi vigor gk50,70,10,transactional
Redragon K686 PRO SE 98 Keys Wireless Gasket RGB Gaming Keyboard,msi vigor gk50 elite,110,0,transactional
Redragon K686 PRO SE 98 Keys Wireless Gasket RGB Gaming Keyboard,msi vigor gk50 low profile,30,9,transactional
Redragon K686 PRO SE 98 Keys Wireless Gasket RGB Gaming Keyboard,multi device mechanical keyboard,70,9,transactional
Redragon K686 PRO SE 98 Keys Wireless Gasket RGB Gaming Keyboard,noise reduction keyboard,20,0,transactional
Redragon K686 PRO SE 98 Keys Wireless Gasket RGB Gaming Keyboard,nuphy keyboard,8100,0,transactional
Redragon K686 PRO SE 98 Keys Wireless Gasket RGB Gaming Keyboard,nuphy mechanical keyboard,210,0,transactional
Redragon K686 PRO SE 98 Keys Wireless Gasket RGB Gaming Keyboard,ornata v2,140,0,transactional
Redragon K686 PRO SE 98 Keys Wireless Gasket RGB Gaming Keyboard,ornata v3,390,0,transactional
Redragon K686 PRO SE 98 Keys Wireless Gasket RGB Gaming Keyboard,ornata v3 x,480,0,transactional
Redragon K686 PRO SE 98 Keys Wireless Gasket RGB Gaming Keyboard,pink keyboard and mouse,1600,0,transactional
Redragon K686 PRO SE 98 Keys Wireless Gasket RGB Gaming Keyboard,portable gaming keyboard,170,27,transactional
Redragon K686 PRO SE 98 Keys Wireless Gasket RGB Gaming Keyboard,quiet mouse and keyboard,880,1,transactional
Redragon K686 PRO SE 98 Keys Wireless Gasket RGB Gaming Keyboard,razer 65 keyboard,170,0,transactional
Redragon K686 PRO SE 98 Keys Wireless Gasket RGB Gaming Keyboard,razer black widow v3 pro,10,67,transactional
Redragon K686 PRO SE 98 Keys Wireless Gasket RGB Gaming Keyboard,razer blackwidow mini,210,0,transactional
Redragon K686 PRO SE 98 Keys Wireless Gasket RGB Gaming Keyboard,razer blackwidow v3 mini,720,0,transactional
Redragon K686 PRO SE 98 Keys Wireless Gasket RGB Gaming Keyboard,razer blackwidow v3 mini hyperspeed,590,0,transactional
Redragon K686 PRO SE 98 Keys Wireless Gasket RGB Gaming Keyboard,razer blackwidow v3 pro,880,1,transactional
Redragon K686 PRO SE 98 Keys Wireless Gasket RGB Gaming Keyboard,razer blackwidow v3 pro wireless,110,4,transactional
Redragon K686 PRO SE 98 Keys Wireless Gasket RGB Gaming Keyboard,razer blackwidow v3 wireless,170,0,transactional
Redragon K686 PRO SE 98 Keys Wireless Gasket RGB Gaming Keyboard,razer bluetooth keyboard,260,0,transactional
Redragon K686 PRO SE 98 Keys Wireless Gasket RGB Gaming Keyboard,razer cynosa,720,2,transactional
Redragon K686 PRO SE 98 Keys Wireless Gasket RGB Gaming Keyboard,razer cynosa v2,1000,1,transactional
Redragon K686 PRO SE 98 Keys Wireless Gasket RGB Gaming Keyboard,razer deathstalker,1300,0,commercial
Redragon K686 PRO SE 98 Keys Wireless Gasket RGB Gaming Keyboard,razer deathstalker keyboard,260,0,transactional
Redragon K686 PRO SE 98 Keys Wireless Gasket RGB Gaming Keyboard,razer deathstalker v2,480,0,commercial
Redragon K686 PRO SE 98 Keys Wireless Gasket RGB Gaming Keyboard,razer deathstalker v2 pro,1600,1,transactional
Redragon K686 PRO SE 98 Keys Wireless Gasket RGB Gaming Keyboard,razer deathstalker v2 pro tenkeyless,390,0,transactional
Redragon K686 PRO SE 98 Keys Wireless Gasket RGB Gaming Keyboard,razer deathstalker v2 pro tkl,390,3,transactional
Redragon K686 PRO SE 98 Keys Wireless Gasket RGB Gaming Keyboard,razer deathstalker v2 pro white,50,0,transactional
Redragon K686 PRO SE 98 Keys Wireless Gasket RGB Gaming Keyboard,razer huntsman mini wireless,320,4,transactional
Redragon K686 PRO SE 98 Keys Wireless Gasket RGB Gaming Keyboard,razer ornata chroma v2,50,0,transactional
Redragon K686 PRO SE 98 Keys Wireless Gasket RGB Gaming Keyboard,razer ornata v3,2900,0,transactional
Redragon K686 PRO SE 98 Keys Wireless Gasket RGB Gaming Keyboard,razer ornata v3 x,1300,0,transactional
Redragon K686 PRO SE 98 Keys Wireless Gasket RGB Gaming Keyboard,razer rgb keyboard,170,0,transactional
Redragon K686 PRO SE 98 Keys Wireless Gasket RGB Gaming Keyboard,razer turret,1600,0,transactional
Redragon K686 PRO SE 98 Keys Wireless Gasket RGB Gaming Keyboard,razer v3 pro,1900,0,transactional
Redragon K686 PRO SE 98 Keys Wireless Gasket RGB Gaming Keyboard,razer wireless keyboard,2400,0,transactional
Redragon K686 PRO SE 98 Keys Wireless Gasket RGB Gaming Keyboard,razer wireless keyboard and mouse,260,0,transactional
Redragon K686 PRO SE 98 Keys Wireless Gasket RGB Gaming Keyboard,redragon 60 keyboard,320,7,transactional
Redragon K686 PRO SE 98 Keys Wireless Gasket RGB Gaming Keyboard,redragon draconic,50,7,commercial
Redragon K686 PRO SE 98 Keys Wireless Gasket RGB Gaming Keyboard,redragon fizz,210,8,transactional
Redragon K686 PRO SE 98 Keys Wireless Gasket RGB Gaming Keyboard,redragon fizz k617,170,0,transactional
Redragon K686 PRO SE 98 Keys Wireless Gasket RGB Gaming Keyboard,redragon fizz k617 rgb,10,0,transactional
Redragon K686 PRO SE 98 Keys Wireless Gasket RGB Gaming Keyboard,redragon gaming keyboard,720,20,transactional
Redragon K686 PRO SE 98 Keys Wireless Gasket RGB Gaming Keyboard,redragon horus,140,17,commercial
Redragon K686 PRO SE 98 Keys Wireless Gasket RGB Gaming Keyboard,redragon horus k618,30,0,transactional
Redragon K686 PRO SE 98 Keys Wireless Gasket RGB Gaming Keyboard,redragon horus tkl,30,2,transactional
Redragon K686 PRO SE 98 Keys Wireless Gasket RGB Gaming Keyboard,redragon k530,480,8,transactional
Redragon K686 PRO SE 98 Keys Wireless Gasket RGB Gaming Keyboard,redragon k530 pro,170,7,transactional
Redragon K686 PRO SE 98 Keys Wireless Gasket RGB Gaming Keyboard,redragon k552,1900,11,transactional
Redragon K686 PRO SE 98 Keys Wireless Gasket RGB Gaming Keyboard,redragon k552 kumara,210,19,transactional
Redragon K686 PRO SE 98 Keys Wireless Gasket RGB Gaming Keyboard,redragon k585,320,4,transactional
Redragon K686 PRO SE 98 Keys Wireless Gasket RGB Gaming Keyboard,redragon k599,70,2,transactional
Redragon K686 PRO SE 98 Keys Wireless Gasket RGB Gaming Keyboard,redragon k617,590,2,transactional
Redragon K686 PRO SE 98 Keys Wireless Gasket RGB Gaming Keyboard,redragon k617 fizz,210,0,transactional
Redragon K686 PRO SE 98 Keys Wireless Gasket RGB Gaming Keyboard,redragon k618,170,7,transactional
Redragon K686 PRO SE 98 Keys Wireless Gasket RGB Gaming Keyboard,redragon k621,70,5,transactional
Redragon K686 PRO SE 98 Keys Wireless Gasket RGB Gaming Keyboard,redragon k630,320,8,transactional
Redragon K686 PRO SE 98 Keys Wireless Gasket RGB Gaming Keyboard,redragon kumara,390,15,commercial
Redragon K686 PRO SE 98 Keys Wireless Gasket RGB Gaming Keyboard,redragon kumara rgb,10,45,transactional
Redragon K686 PRO SE 98 Keys Wireless Gasket RGB Gaming Keyboard,redragon mechanical keyboard,720,15,transactional
Redragon K686 PRO SE 98 Keys Wireless Gasket RGB Gaming Keyboard,redragon vishnu,30,5,commercial
Redragon K686 PRO SE 98 Keys Wireless Gasket RGB Gaming Keyboard,redragon wireless keyboard,320,12,transactional
Redragon K686 PRO SE 98 Keys Wireless Gasket RGB Gaming Keyboard,rgb gaming keyboard,390,20,transactional
Redragon K686 PRO SE 98 Keys Wireless Gasket RGB Gaming Keyboard,rgb keyboard,4400,24,transactional
Redragon K686 PRO SE 98 Keys Wireless Gasket RGB Gaming Keyboard,rgb mechanical keyboard,590,20,transactional
Redragon K686 PRO SE 98 Keys Wireless Gasket RGB Gaming Keyboard,rgb wireless keyboard and mouse,70,0,transactional
Redragon K686 PRO SE 98 Keys Wireless Gasket RGB Gaming Keyboard,rk g68,70,0,transactional
Redragon K686 PRO SE 98 Keys Wireless Gasket RGB Gaming Keyboard,rk royal kludge rk84,110,0,transactional
Redragon K686 PRO SE 98 Keys Wireless Gasket RGB Gaming Keyboard,rk61 mechanical keyboard,50,1,transactional
Redragon K686 PRO SE 98 Keys Wireless Gasket RGB Gaming Keyboard,rk68 keyboard,170,0,transactional
Redragon K686 PRO SE 98 Keys Wireless Gasket RGB Gaming Keyboard,rk84 keyboard,170,0,transactional
Redragon K686 PRO SE 98 Keys Wireless Gasket RGB Gaming Keyboard,roccat horde aimo,20,0,transactional
Redragon K686 PRO SE 98 Keys Wireless Gasket RGB Gaming Keyboard,roccat magma,320,4,transactional
Redragon K686 PRO SE 98 Keys Wireless Gasket RGB Gaming Keyboard,roccat pyro,320,0,transactional
Redragon K686 PRO SE 98 Keys Wireless Gasket RGB Gaming Keyboard,roccat vulcan 121 aimo rgb,10,0,transactional
Redragon K686 PRO SE 98 Keys Wireless Gasket RGB Gaming Keyboard,roccat vulcan 122 aimo,140,0,transactional
Redragon K686 PRO SE 98 Keys Wireless Gasket RGB Gaming Keyboard,rog azoth keyboard,260,14,transactional
Redragon K686 PRO SE 98 Keys Wireless Gasket RGB Gaming Keyboard,rog claymore,70,3,commercial
Redragon K686 PRO SE 98 Keys Wireless Gasket RGB Gaming Keyboard,rog claymore 2,170,5,transactional
Redragon K686 PRO SE 98 Keys Wireless Gasket RGB Gaming Keyboard,rog claymore ii,140,1,transactional
Redragon K686 PRO SE 98 Keys Wireless Gasket RGB Gaming Keyboard,rog falchion,480,5,commercial
Redragon K686 PRO SE 98 Keys Wireless Gasket RGB Gaming Keyboard,rog strix flare,70,8,transactional
Redragon K686 PRO SE 98 Keys Wireless Gasket RGB Gaming Keyboard,rog strix scope rx,140,0,transactional
Redragon K686 PRO SE 98 Keys Wireless Gasket RGB Gaming Keyboard,rog strix scope rx tkl wireless deluxe,40,1,transactional
Redragon K686 PRO SE 98 Keys Wireless Gasket RGB Gaming Keyboard,rog strix scope tkl,70,10,transactional
Redragon K686 PRO SE 98 Keys Wireless Gasket RGB Gaming Keyboard,royal clutch rk61,50,0,transactional
Redragon K686 PRO SE 98 Keys Wireless Gasket RGB Gaming Keyboard,royal kludge rk68,210,0,transactional
Redragon K686 PRO SE 98 Keys Wireless Gasket RGB Gaming Keyboard,royal kludge rk71,90,0,transactional
Redragon K686 PRO SE 98 Keys Wireless Gasket RGB Gaming Keyboard,sk61 keyboard,110,0,transactional
Redragon K686 PRO SE 98 Keys Wireless Gasket RGB Gaming Keyboard,skyloong sk61,140,0,transactional
Redragon K686 PRO SE 98 Keys Wireless Gasket RGB Gaming Keyboard,slim gaming keyboard,90,1,transactional
Redragon K686 PRO SE 98 Keys Wireless Gasket RGB Gaming Keyboard,slim mechanical keyboard,260,5,transactional
Redragon K686 PRO SE 98 Keys Wireless Gasket RGB Gaming Keyboard,small gaming keyboard,880,4,transactional
Redragon K686 PRO SE 98 Keys Wireless Gasket RGB Gaming Keyboard,small mechanical keyboard,480,2,transactional
Redragon K686 PRO SE 98 Keys Wireless Gasket RGB Gaming Keyboard,snpurdiri,1000,0,commercial
Redragon K686 PRO SE 98 Keys Wireless Gasket RGB Gaming Keyboard,snpurdiri keyboard,1300,0,transactional
Redragon K686 PRO SE 98 Keys Wireless Gasket RGB Gaming Keyboard,staples keyboard and mouse,210,0,transactional
Redragon K686 PRO SE 98 Keys Wireless Gasket RGB Gaming Keyboard,steel series apex 3,2400,40,transactional
Redragon K686 PRO SE 98 Keys Wireless Gasket RGB Gaming Keyboard,steelseries apex 3,2400,0,commercial
Redragon K686 PRO SE 98 Keys Wireless Gasket RGB Gaming Keyboard,steelseries apex 3 tkl,1600,0,transactional
Redragon K686 PRO SE 98 Keys Wireless Gasket RGB Gaming Keyboard,steelseries apex mini,210,0,transactional
Redragon K686 PRO SE 98 Keys Wireless Gasket RGB Gaming Keyboard,steelseries apex pro mini,2900,0,transactional
Redragon K686 PRO SE 98 Keys Wireless Gasket RGB Gaming Keyboard,steelseries apex pro mini wireless,480,0,transactional
Redragon K686 PRO SE 98 Keys Wireless Gasket RGB Gaming Keyboard,steelseries apex pro tkl wireless,320,0,transactional
Redragon K686 PRO SE 98 Keys Wireless Gasket RGB Gaming Keyboard,steelseries apex pro tkl wireless 2023,20,36,transactional
Redragon K686 PRO SE 98 Keys Wireless Gasket RGB Gaming Keyboard,steelseries apex pro wireless,140,0,transactional
Redragon K686 PRO SE 98 Keys Wireless Gasket RGB Gaming Keyboard,steelseries mini keyboard,210,0,transactional
Redragon K686 PRO SE 98 Keys Wireless Gasket RGB Gaming Keyboard,steelseries wireless keyboard,590,0,transactional
Redragon K686 PRO SE 98 Keys Wireless Gasket RGB Gaming Keyboard,tezarre tk61,210,0,informational
Redragon K686 PRO SE 98 Keys Wireless Gasket RGB Gaming Keyboard,the best wireless keyboard and mouse,50,27,transactional
Redragon K686 PRO SE 98 Keys Wireless Gasket RGB Gaming Keyboard,thin mechanical keyboard,210,6,transactional
Redragon K686 PRO SE 98 Keys Wireless Gasket RGB Gaming Keyboard,tk61 keyboard,40,0,transactional
Redragon K686 PRO SE 98 Keys Wireless Gasket RGB Gaming Keyboard,tkl keyboard,8100,0,transactional
Redragon K686 PRO SE 98 Keys Wireless Gasket RGB Gaming Keyboard,tm680 keyboard,70,0,transactional
Redragon K686 PRO SE 98 Keys Wireless Gasket RGB Gaming Keyboard,top wireless keyboard and mouse,4400,27,transactional
Redragon K686 PRO SE 98 Keys Wireless Gasket RGB Gaming Keyboard,vigor gk30,90,2,transactional
Redragon K686 PRO SE 98 Keys Wireless Gasket RGB Gaming Keyboard,white mechanical keyboard,1000,0,transactional
Redragon K686 PRO SE 98 Keys Wireless Gasket RGB Gaming Keyboard,white rgb keyboard,390,1,transactional
Redragon K686 PRO SE 98 Keys Wireless Gasket RGB Gaming Keyboard,white wireless gaming keyboard,90,0,transactional
Redragon K686 PRO SE 98 Keys Wireless Gasket RGB Gaming Keyboard,white wireless mechanical keyboard,110,2,transactional
Redragon K686 PRO SE 98 Keys Wireless Gasket RGB Gaming Keyboard,wireless 60 keyboard,590,16,transactional
Redragon K686 PRO SE 98 Keys Wireless Gasket RGB Gaming Keyboard,wireless 60 mechanical keyboard,90,1,transactional
Redragon K686 PRO SE 98 Keys Wireless Gasket RGB Gaming Keyboard,wireless 65 keyboard,90,0,transactional
Redragon K686 PRO SE 98 Keys Wireless Gasket RGB Gaming Keyboard,wireless gaming keyboard,6600,13,transactional
Redragon K686 PRO SE 98 Keys Wireless Gasket RGB Gaming Keyboard,wireless gaming keyboard and mouse,2900,8,transactional
Redragon K686 PRO SE 98 Keys Wireless Gasket RGB Gaming Keyboard,wireless illuminated keyboard,1000,0,transactional
Redragon K686 PRO SE 98 Keys Wireless Gasket RGB Gaming Keyboard,wireless keyboard and mouse for ps5,260,1,transactional
Redragon K686 PRO SE 98 Keys Wireless Gasket RGB Gaming Keyboard,wireless keyboard and mouse for xbox,390,1,transactional
Redragon K686 PRO SE 98 Keys Wireless Gasket RGB Gaming Keyboard,wireless keyboard and mouse logitech,390,0,transactional
Redragon K686 PRO SE 98 Keys Wireless Gasket RGB Gaming Keyboard,wireless keyboard and mouse white,480,0,transactional
Redragon K686 PRO SE 98 Keys Wireless Gasket RGB Gaming Keyboard,wireless keyboard for ps5,210,0,transactional
Redragon K686 PRO SE 98 Keys Wireless Gasket RGB Gaming Keyboard,wireless mechanical gaming keyboard,390,11,transactional
Redragon K686 PRO SE 98 Keys Wireless Gasket RGB Gaming Keyboard,wireless mechanical keyboard,6600,16,transactional
Redragon K686 PRO SE 98 Keys Wireless Gasket RGB Gaming Keyboard,wireless mechanical keyboard and mouse,1000,12,transactional
Redragon K686 PRO SE 98 Keys Wireless Gasket RGB Gaming Keyboard,wireless pc keyboard,1600,32,transactional
Redragon K686 PRO SE 98 Keys Wireless Gasket RGB Gaming Keyboard,wireless pink keyboard,1300,0,transactional
Redragon K686 PRO SE 98 Keys Wireless Gasket RGB Gaming Keyboard,wireless rgb keyboard,390,3,transactional
Redragon K686 PRO SE 98 Keys Wireless Gasket RGB Gaming Keyboard,wireless rgb keyboard and mouse,90,8,transactional
Redragon K686 PRO SE 98 Keys Wireless Gasket RGB Gaming Keyboard,wireless tkl keyboard,260,10,transactional
Redragon K686 PRO SE 98 Keys Wireless Gasket RGB Gaming Keyboard,womier k61,170,0,transactional
Redragon K686 PRO SE 98 Keys Wireless Gasket RGB Gaming Keyboard,womier keyboard,2400,0,transactional
Redragon K686 PRO SE 98 Keys Wireless Gasket RGB Gaming Keyboard,xtrfy k4,40,9,transactional
Redragon K686 PRO SE 98 Keys Wireless Gasket RGB Gaming Keyboard,xtrfy k4 rgb,10,52,transactional
Redragon K686 PRO SE 98 Keys Wireless Gasket RGB Gaming Keyboard,xtrfy k4 rgb tkl,10,55,transactional
Redragon K686 PRO SE 98 Keys Wireless Gasket RGB Gaming Keyboard,xtrfy k4 tkl,10,12,transactional
Redragon K686 PRO SE 98 Keys Wireless Gasket RGB Gaming Keyboard,xtrfy k5,110,7,transactional
Redragon K686 PRO SE 98 Keys Wireless Gasket RGB Gaming Keyboard,xtrfy k5 compact,40,0,transactional
Redragon K686 PRO SE 98 Keys Wireless Gasket RGB Gaming Keyboard,xtrfy k5 compact black,10,3,transactional
Redragon K686 PRO SE 98 Keys Wireless Gasket RGB Gaming Keyboard,xtrfy keyboard,90,6,transactional
Redragon K686 PRO SE 98 Keys Wireless Gasket RGB Gaming Keyboard,xtrfy m4 wireless,90,8,transactional
